MBU,C4-GUJ-01,C4-GUJ-02,C4-SKT-03,C4-GRT-04,C4-NRW-05,C4-HFZ-06,C4-WZD-07,C4-MBD-08,,,,,,,,,,,,,,,,,,,,,,,,
2026-08-01 00:00:00,0.9640876461609355,0.9779702338556505,0.9714897012856806,0.9916768923049263,0.9878976724553787,0.9933442754376841,0.9829195023148148,0.9955965649291266,,,,,,,,,,,,,,,,,,,,,,,,
2026-08-02 00:00:00,0.9655693256436841,0.9539953308008863,0.9802914528780373,0.994105593761237,0.9906974426488717,0.9930475385682094,0.9840646701388889,0.9940590706447188,,,,,,,,,,,,,,,,,,,,,,,,
2026-08-03 00:00:00,0.9635877289614654,0.9694941288778094,0.9776617421561689,0.9872732942286947,0.9908042055260761,0.9886471875541689,0.9730699652777779,0.993277749199817,,,,,,,,,,,,,,,,,,,,,,,,
2026-08-04 00:00:00,0.9808809976383849,0.9708938746438747,0.9827889832507667,0.9820998142155101,0.9962129160636758,0.9945400524354308,0.9709726851851852,0.9958288425109413,,,,,,,,,,,,,,,,,,,,,,,,
2026-08-05 00:00:00,0.9650473763032084,0.9885625643004116,0.9737831372375559,0.9864680158516121,0.9899280095942542,0.9914111883919802,0.9789439236111112,0.990513627604677,,,,,,,,,,,,,,,,,,,,,,,,
2026-08-06 00:00:00,0.958100519843327,0.9492799343146565,0.982340248289691,0.9866743639877743,0.9908285429061477,0.9857743073611833,0.9672847511574073,0.9949908958782416,,,,,,,,,,,,,,,,,,,,,,,,
2026-08-07 00:00:00,0.9732746529577789,0.9872490800094966,0.987658609046945,0.9906662958468176,0.9906747467438496,0.9752697427341538,0.9856698784722222,0.9857396180351428,,,,,,,,,,,,,,,,,,,,,,,,
2026-08-08 00:00:00,0.981147507344047,0.9901912195314974,0.9788700349433829,0.9945565518997962,0.978135116846224,0.9920824124631652,0.9877283854166667,0.9959737735972304,,,,,,,,,,,,,,,,,,,,,,,,
2026-08-09 00:00:00,0.9906219939807615,0.9953377008151314,0.9917653964673272,0.9954706790123456,0.983654074208072,0.9931636404345063,0.9758682002314815,0.9915458227186622,,,,,,,,,,,,,,,,,,,,,,,,
2026-08-10 00:00:00,0.9745369830366915,0.9880526867679645,0.9859292064755839,0.9949019012944984,0.9930162606528381,0.9929654908418558,0.9851214988425926,0.9979338746815598,,,,,,,,,,,,,,,,,,,,,,,,
2026-08-11 00:00:00,0.98241392344911,0.9794820107233302,0.9859373525595658,0.99412965959487,0.987296406844616,0.9931077923672502,0.983518287037037,0.9938997893396042,,,,,,,,,,,,,,,,,,,,,,,,
2026-08-12 00:00:00,0.9752138053683543,0.9951180654479266,0.986737032613824,0.9951060020376363,0.9833805843651175,0.9935002816779338,0.9875801504629629,0.9963480632307793,,,,,,,,,,,,,,,,,,,,,,,,
2026-08-13 00:00:00,0.9768063655607396,0.9805562727524533,0.9803254931882519,0.9936189208018698,0.990639187034357,0.9926089876928411,0.984319212962963,0.9897413694558757,,,,,,,,,,,,,,,,,,,,,,,,
2026-08-14 00:00:00,0.9937938302805138,0.9901422275641026,0.983573827111347,0.9938221225877981,0.991162616578228,0.9810756485814989,0.993662037037037,0.995141542556666,,,,,,,,,,,,,,,,,,,,,,,,
2026-08-15 00:00:00,0.9842589172570705,0.9935961488999684,0.9775129194680349,0.9890901242059212,0.9785151685694378,0.9925531215693073,0.9948005787037038,0.9918058413351624,,,,,,,,,,,,,,,,,,,,,,,,
2026-08-16 00:00:00,0.9732756069638846,0.9839266530151947,0.9801684138358104,0.9920499595469257,0.9843672951171142,0.9875173881955278,0.9738832465277778,0.9823378404859886,,,,,,,,,,,,,,,,,,,,,,,,
2026-08-17 00:00:00,0.9669866367144749,0.9771204791864514,0.9746054309683888,0.9810731488972791,0.9917304831966554,0.986797574680765,0.9800241319444445,0.9804225251486054,,,,,,,,,,,,,,,,,,,,,,,,
2026-08-18 00:00:00,0.9687860722308623,0.9769917794396962,0.9858501231127624,0.9869573107695073,0.980374256311304,0.99065208441671,0.9789983217592593,0.9917113503494676,,,,,,,,,,,,,,,,,,,,,,,,
2026-08-19 00:00:00,0.9558821496457577,0.985306811886673,0.9827747736789337,0.9876502194953853,0.9618936592163798,0.9907622638238862,0.9789953124999999,0.9860568333986544,,,,,,,,,,,,,,,,,,,,,,,,
2026-08-20 00:00:00,0.9736379492828755,0.9689434947768281,0.9770132438369898,0.9621844472911423,0.9815353821621912,0.9889932722308892,0.9560151331018518,0.980239115879548,,,,,,,,,,,,,,,,,,,,,,,,
2026-08-21 00:00:00,,,,,,,,,,,,,,,,,,,,,,,,,,,,,,,,
2026-08-22 00:00:00,,,,,,,,,,,,,,,,,,,,,,,,,,,,,,,,
2026-08-23 00:00:00,,,,,,,,,,,,,,,,,,,,,,,,,,,,,,,,
2026-08-24 00:00:00,,,,,,,,,,,,,,,,,,,,,,,,,,,,,,,,
2026-08-25 00:00:00,,,,,,,,,,,,,,,,,,,,,,,,,,,,,,,,
2026-08-26 00:00:00,,,,,,,,,,,,,,,,,,,,,,,,,,,,,,,,
2026-08-27 00:00:00,,,,,,,,,,,,,,,,,,,,,,,,,,,,,,,,
2026-08-28 00:00:00,,,,,,,,,,,,,,,,,,,,,,,,,,,,,,,,
2026-08-29 00:00:00,,,,,,,,,,,,,,,,,,,,,,,,,,,,,,,,
2026-08-30 00:00:00,,,,,,,,,,,,,,,,,,,,,,,,,,,,,,,,
2026-08-31 00:00:00,,,,,,,,,,,,,,,,,,,,,,,,,,,,,,,,
,,,,,,,,,,,,,,,,,,,,,,,,,,,,,,,,
MBU,C4-GUJ-01,C4-GUJ-02,C4-SKT-03,C4-GRT-04,C4-NRW-05,C4-HFZ-06,C4-WZD-07,C4-MBD-08,,,,,,,,,,,,,,,,,,,,,,,,
100% NAR in Jan,20,20,35,58,36,55,18,25,,,,,,,,,,,,,,,,,,,,,,,,
,,,,,,,,,,,,,,,,,,,,,,,,,,,,,,,,
,,,,,,,,,,,,,,,,,,,,,,,,,,,,,,,,
,,,,,,,,,,,,,,,,,,,,,,,,,,,,,,,,
,,,,,,,,,,,,,,,,,,,,,,,,,,,,,,,,
,,,,,,,,,,,,,,,,,,,,,,,,,,,,,,,,
,,,,,,,,,,,,,,,,,,,,,,,,,,,,,,,,
,,,,,,,,,,,,,,,,,,,,,,,,,,,,,,,,
,,,,,,,,,,,,,,,,,,,,,,,,,,,,,,,,
,,,,,,,,,,,,,,,,,,,,,,,,,,,,,,,,
,,,,,,,,,,,,,,,,,,,,,,,,,,,,,,,,
,,,,,,,,,,,,,,,,,,,,,,,,,,,,,,,,
,,,,,,,,,,,,,,,,,,,,,,,,,,,,,,,,
,,,,,,,,,,,,,,,,,,,,,,,,,,,,,,,,
,,,,,,,,,,,,,,,,,,,,,,,,,,,,,,,,
,,,,,,,,,,,,,,,,,,,,,,,,,,,,,,,,
,,,,,,,,,,,,,,,,,,,,,,,,,,,,,,,,
,,,,,,,,,,,,,,,,,,,,,,,,,,,,,,,,
Row Labels,Count of Site Code,,,,,,,,,,,,,,,,,,,,,,,,,,,,,,,
C4-GRT-04,58,,,,,,,,,,,,,,,,,,,,,,,,,,,,,,,
C4-GUJ-01,30,,,,,,,,,,,,,,,,,,,,,,,,,,,,,,,
C4-GUJ-02,20,,,,,,,,,,,,,,,,,,,,,,,,,,,,,,,
C4-HFZ-06,55,,,,,,,,,,,,,,,,,,,,,,,,,,,,,,,
C4-MBD-08,25,,,,,,,,,,,,,,,,,,,,,,,,,,,,,,,
C4-NRW-05,36,,,,,,,,,,,,,,,,,,,,,,,,,,,,,,,
C4-SKT-03,35,,,,,,,,,,,,,,,,,,,,,,,,,,,,,,,
C4-WZD-07,18,,,,,,,,,,,,,,,,,,,,,,,,,,,,,,,
Grand Total,277,,,,,,,,,,,,,,,,,,,,,,,,,,,,,,,
,,,,,,,,,,,,,,,,,,,,,,,,,,,,,,,,
,,,,,,,,,,,,,,,,,,,,,,,,,,,,,,,,
,,,,,,,,,,,,,,,,,,,,,,,,,,,,,,,,
,,,,,,,,,,,,,,,,,,,,,,,,,,,,,,,,
,,,,,,,,,,,,,,,,,,,,,,,,,,,,,,,,
,,,,,,,,,,,,,,,,,,,,,,,,,,,,,,,,
,,,,,,,,,,,,,,,,,,,,,,,,,,,,,,,,
,,,,,,,,,,,,,,,,,,,,,,,,,,,,,,,,
,,,,,,,,,,,,,,,,,,,,,,,,,,,,,,,,
,,,,,,,,,,,,,,,,,,,,,,,,,,,,,,,,
,,,,,,,,,,,,,,,,,,,,,,,,,,,,,,,,
,,,,,,,,,,,,,,,,,,,,,,,,,,,,,,,,
,,,,,,,,,,,,,,,,,,,,,,,,,,,,,,,,
,,,,,,,,,,,,,,,,,,,,,,,,,,,,,,,,
,,,,,,,,,,,,,,,,,,,,,,,,,,,,,,,,
,,,,,,,,,,,,,,,,,,,,,,,,,,,,,,,,
,,,,,,,,,,,,,,,,,,,,,,,,,,,,,,,,
,,,,,,,,,,,,,,,,,,,,,,,,,,,,,,,,
,,,,,,,,,,,,,,,,,,,,,,,,,,,,,,,,
,,,,,,,,,,,,,,,,,,,,,,,,,,,,,,,,
,,,,,,,,,,,,,,,,,,,,,,,,,,,,,,,,
,,,,,,,,,,,,,,,,,,,,,,,,,,,,,,,,
,,,,,,,,,,,,,,,,,,,,,,,,,,,,,,,,
,,,,,,,,,,,,,,,,,,,,,,,,,,,,,,,,
,,,,,,,,,,,,,,,,,,,,,,,,,,,,,,,,
,,,,,,,,,,,,,,,,,,,,,,,,,,,,,,,,
New MBU,2026-08-01 00:00:00,2026-08-02 00:00:00,2026-08-03 00:00:00,2026-08-04 00:00:00,2026-08-05 00:00:00,2026-08-06 00:00:00,2026-08-07 00:00:00,2026-08-08 00:00:00,2026-08-09 00:00:00,2026-08-10 00:00:00,2026-08-11 00:00:00,2026-08-12 00:00:00,2026-08-13 00:00:00,2026-08-14 00:00:00,2026-08-15 00:00:00,2026-08-16 00:00:00,2026-08-17 00:00:00,2026-08-18 00:00:00,2026-08-19 00:00:00,2026-08-20 00:00:00,2026-08-21 00:00:00,2026-08-22 00:00:00,2026-08-23 00:00:00,2026-08-24 00:00:00,2026-08-25 00:00:00,2026-08-26 00:00:00,2026-08-27 00:00:00,2026-08-28 00:00:00,2026-08-29 00:00:00,2026-08-30 00:00:00,2026-08-31 00:00:00,Average LS
C4-GRT-04,3.09,2.36,3.03,2.48,2.9,2.97,2.26,1.67,2.33,2.57,3.23,2.35,2.4,2.4,2.84,3,3.87,3.41,2.92,4.59,,,,,,,,,,,,2.8335
C4-GUJ-01,4.87,4.23,5.63,4.53,5.82,5.66,4.4,3.99,4.14,3.71,4.63,3.79,4.25,3.2,3.53,5.06,4.72,4.17,5.35,4.09,,,,,,,,,,,,4.4885
C4-GUJ-02,2.5,4.4,4,4.95,2.31,5.44,3.77,3.62,2.89,3.41,4.76,2.35,4.27,3.03,2.95,3.72,3.52,4.55,2.99,4.61,,,,,,,,,,,,3.7020000000000004
C4-HFZ-06,3.52,3.66,4.71,3.87,4.6,4.13,5.64,3.49,3.72,3.31,4.2,3.83,3.99,4.63,3.97,4.61,3.42,3.62,3.4,3.4,,,,,,,,,,,,3.9860000000000015
C4-MBD-08,3.3,3.37,3.79,3.25,3.2,2.85,4.87,2.61,2.97,2.32,3.22,2.68,2.95,3.03,3.46,3.77,3.5,3.31,4.26,4.79,,,,,,,,,,,,3.375000000000001
C4-NRW-05,4.73,3.15,4.34,3.39,5.38,4.9,3.9,5.66,5.02,4.32,5.25,4.69,4.74,4.59,5.61,4.63,4.58,5.32,6.35,5.65,,,,,,,,,,,,4.81
C4-SKT-03,5.52,4.04,4.44,2.55,5.24,3.59,3.56,4.18,3.29,4.31,4.25,2.8,4.5,3.37,4.16,3.63,4.42,5.08,3.69,4.37,,,,,,,,,,,,4.0495
C4-WZD-07,5.13,5.67,5.25,6.02,4.63,5.55,4.27,4.61,5.8,3.82,6.81,5.79,4.93,4.07,3.28,5.99,4.66,5.93,5.32,6.03,,,,,,,,,,,,5.177999999999999
Avrg. LS,,,,,,,,,,,,,,,,,,,,,,,,,,,,,,,,#DIV/0!
